date,station_id,temperature1,temperature2,temperature3,분석,자료구분,자료형태,지역/지점
2023-01-01,108,-0.2,-4.3,3.8,기온분석,일,기본,서울
2023-01-02,108,-4.5,-7.4,-0.4,기온분석,일,기본,서울
2023-01-03,108,-5.0,-9.0,0.6,기온분석,일,기본,서울
2023-01-04,108,-1.8,-5.7,3.3,기온분석,일,기본,서울
2023-01-05,108,-1.6,-5.6,3.6,기온분석,일,기본,서울
2023-01-06,108,0.6,-4.7,5.7,기온분석,일,기본,서울
2023-01-07,108,1.5,-1.4,3.8,기온분석,일,기본,서울
2023-01-08,108,1.3,-3.7,6.3,기온분석,일,기본,서울
2023-01-09,108,3.1,-1.3,7.0,기온분석,일,기본,서울
2023-01-10,108,1.6,-3.9,9.1,기온분석,일,기본,서울
2023-01-11,108,2.6,-2.0,9.2,기온분석,일,기본,서울
2023-01-12,108,5.9,-0.6,12.5,기온분석,일,기본,서울
2023-01-13,108,8.3,5.1,10.1,기온분석,일,기본,서울
2023-01-14,108,6.6,3.8,8.4,기온분석,일,기본,서울
2023-01-15,108,-0.2,-3.5,3.8,기온분석,일,기본,서울
2023-01-16,108,-4.6,-6.8,-1.2,기온분석,일,기본,서울
2023-01-17,108,-3.7,-7.0,-0.4,기온분석,일,기본,서울
2023-01-18,108,-1.9,-4.6,2.2,기온분석,일,기본,서울
2023-01-19,108,-0.4,-6.0,4.3,기온분석,일,기본,서울
2023-01-20,108,-3.3,-7.7,2.0,기온분석,일,기본,서울
2023-01-21,108,-4.5,-10.5,1.5,기온분석,일,기본,서울
2023-01-22,108,-0.6,-2.8,2.6,기온분석,일,기본,서울
2023-01-23,108,-0.8,-6.9,4.6,기온분석,일,기본,서울
2023-01-24,108,-14.7,-17.0,-6.9,기온분석,일,기본,서울
2023-01-25,108,-11.3,-17.3,-5.4,기온분석,일,기본,서울
2023-01-26,108,-6.0,-9.0,-3.5,기온분석,일,기본,서울
2023-01-27,108,-7.3,-9.6,-3.8,기온분석,일,기본,서울
2023-01-28,108,-6.0,-11.2,-0.6,기온분석,일,기본,서울
2023-01-29,108,-1.8,-8.0,4.9,기온분석,일,기본,서울
2023-01-30,108,-0.9,-4.4,4.2,기온분석,일,기본,서울
2023-01-31,108,2.4,-3.5,7.8,기온분석,일,기본,서울
2023-02-01,108,0.9,-3.0,6.0,기온분석,일,기본,서울
2023-02-02,108,-2.4,-5.1,1.4,기온분석,일,기본,서울
2023-02-03,108,-1.6,-3.9,3.4,기온분석,일,기본,서울
2023-02-04,108,-0.2,-5.2,6.0,기온분석,일,기본,서울
2023-02-05,108,1.7,-3.3,7.1,기온분석,일,기본,서울
2023-02-06,108,3.0,-1.7,8.8,기온분석,일,기본,서울
2023-02-07,108,3.5,-0.6,9.5,기온분석,일,기본,서울
2023-02-08,108,2.1,-1.3,7.8,기온분석,일,기본,서울
2023-02-09,108,4.0,-2.8,9.9,기온분석,일,기본,서울
2023-02-10,108,3.8,1.1,6.2,기온분석,일,기본,서울
2023-02-11,108,2.8,-1.2,8.5,기온분석,일,기본,서울
2023-02-12,108,3.7,-0.9,7.6,기온분석,일,기본,서울
2023-02-13,108,5.9,2.7,8.4,기온분석,일,기본,서울
2023-02-14,108,1.7,-2.5,6.6,기온분석,일,기본,서울
2023-02-15,108,3.2,-1.2,8.9,기온분석,일,기본,서울
2023-02-16,108,2.3,-0.7,4.5,기온분석,일,기본,서울
2023-02-17,108,3.4,-1.5,9.8,기온분석,일,기본,서울
2023-02-18,108,5.7,3.0,8.1,기온분석,일,기본,서울
2023-02-19,108,3.5,0.2,6.1,기온분석,일,기본,서울
2023-02-20,108,-0.5,-3.5,2.4,기온분석,일,기본,서울
2023-02-21,108,-1.3,-5.3,4.8,기온분석,일,기본,서울
2023-02-22,108,1.2,-4.5,8.4,기온분석,일,기본,서울
2023-02-23,108,2.9,-1.8,9.2,기온분석,일,기본,서울
2023-02-24,108,3.5,-0.4,8.5,기온분석,일,기본,서울
2023-02-25,108,0.7,-2.9,5.7,기온분석,일,기본,서울
2023-02-26,108,2.2,-3.4,9.4,기온분석,일,기본,서울
2023-02-27,108,4.4,-1.8,12.4,기온분석,일,기본,서울
2023-02-28,108,4.3,-0.7,8.7,기온분석,일,기본,서울
2023-03-01,108,6.0,2.9,9.0,기온분석,일,기본,서울
2023-03-02,108,2.2,-1.8,6.6,기온분석,일,기본,서울
2023-03-03,108,4.6,-1.9,10.4,기온분석,일,기본,서울
2023-03-04,108,7.7,3.7,14.1,기온분석,일,기본,서울
2023-03-05,108,8.0,2.5,15.4,기온분석,일,기본,서울
2023-03-06,108,9.2,2.2,16.5,기온분석,일,기본,서울
2023-03-07,108,11.7,6.3,19.4,기온분석,일,기본,서울
2023-03-08,108,12.5,7.4,17.7,기온분석,일,기본,서울
2023-03-09,108,10.3,7.4,13.1,기온분석,일,기본,서울
2023-03-10,108,13.5,6.2,22.2,기온분석,일,기본,서울
2023-03-11,108,15.2,10.2,22.8,기온분석,일,기본,서울
2023-03-12,108,5.9,0.6,12.6,기온분석,일,기본,서울
2023-03-13,108,2.9,-1.9,7.6,기온분석,일,기본,서울
2023-03-14,108,9.2,3.3,15.4,기온분석,일,기본,서울
2023-03-15,108,8.6,3.5,14.4,기온분석,일,기본,서울
2023-03-16,108,4.6,0.4,9.0,기온분석,일,기본,서울
2023-03-17,108,7.2,0.7,12.7,기온분석,일,기본,서울
2023-03-18,108,7.7,2.5,14.0,기온분석,일,기본,서울
2023-03-19,108,8.3,2.3,15.2,기온분석,일,기본,서울
2023-03-20,108,9.5,2.6,17.1,기온분석,일,기본,서울
2023-03-21,108,13.0,5.0,22.2,기온분석,일,기본,서울
2023-03-22,108,17.0,9.2,25.1,기온분석,일,기본,서울
2023-03-23,108,17.4,12.3,23.3,기온분석,일,기본,서울
2023-03-24,108,12.5,7.6,18.3,기온분석,일,기본,서울
2023-03-25,108,12.5,8.0,18.7,기온분석,일,기본,서울
2023-03-26,108,9.4,4.7,14.0,기온분석,일,기본,서울
2023-03-27,108,7.3,1.9,14.5,기온분석,일,기본,서울
2023-03-28,108,9.2,2.8,15.7,기온분석,일,기본,서울
2023-03-29,108,11.8,5.1,19.7,기온분석,일,기본,서울
2023-03-30,108,13.3,6.4,21.2,기온분석,일,기본,서울
2023-03-31,108,15.0,7.5,23.9,기온분석,일,기본,서울
2023-04-01,108,17.5,9.4,25.6,기온분석,일,기본,서울
2023-04-02,108,18.8,11.9,25.2,기온분석,일,기본,서울
2023-04-03,108,19.0,11.3,25.9,기온분석,일,기본,서울
2023-04-04,108,17.6,12.7,21.7,기온분석,일,기본,서울
2023-04-05,108,11.9,8.7,14.9,기온분석,일,기본,서울
2023-04-06,108,8.8,7.4,9.7,기온분석,일,기본,서울
2023-04-07,108,8.9,4.6,15.7,기온분석,일,기본,서울
2023-04-08,108,8.8,3.1,14.9,기온분석,일,기본,서울
2023-04-09,108,10.8,3.5,17.8,기온분석,일,기본,서울
2023-04-10,108,13.2,6.2,19.1,기온분석,일,기본,서울
2023-04-11,108,13.1,9.2,17.4,기온분석,일,기본,서울
2023-04-12,108,10.1,4.8,15.3,기온분석,일,기본,서울
2023-04-13,108,11.9,5.1,17.2,기온분석,일,기본,서울
2023-04-14,108,16.2,11.9,21.3,기온분석,일,기본,서울
2023-04-15,108,13.5,9.3,16.6,기온분석,일,기본,서울
2023-04-16,108,10.8,7.5,16.1,기온분석,일,기본,서울
2023-04-17,108,13.1,6.8,18.1,기온분석,일,기본,서울
2023-04-18,108,14.0,10.7,18.4,기온분석,일,기본,서울
2023-04-19,108,19.1,11.5,28.4,기온분석,일,기본,서울
2023-04-20,108,15.8,14.5,18.9,기온분석,일,기본,서울
2023-04-21,108,16.7,11.4,22.8,기온분석,일,기본,서울
2023-04-22,108,16.9,12.2,22.5,기온분석,일,기본,서울
2023-04-23,108,16.1,10.7,22.1,기온분석,일,기본,서울
2023-04-24,108,15.8,11.5,21.3,기온분석,일,기본,서울
2023-04-25,108,10.9,9.0,13.2,기온분석,일,기본,서울
2023-04-26,108,10.2,7.4,13.5,기온분석,일,기본,서울
2023-04-27,108,12.9,5.1,20.0,기온분석,일,기본,서울
2023-04-28,108,15.7,9.0,21.3,기온분석,일,기본,서울
2023-04-29,108,13.2,9.9,15.8,기온분석,일,기본,서울
2023-04-30,108,12.7,7.9,17.9,기온분석,일,기본,서울
2023-05-01,108,14.6,9.8,20.8,기온분석,일,기본,서울
2023-05-02,108,16.7,9.1,23.7,기온분석,일,기본,서울
2023-05-03,108,19.5,12.4,26.2,기온분석,일,기본,서울
2023-05-04,108,21.4,15.6,25.8,기온분석,일,기본,서울
2023-05-05,108,18.4,15.5,21.6,기온분석,일,기본,서울
2023-05-06,108,12.6,11.7,15.5,기온분석,일,기본,서울
2023-05-07,108,14.4,11.1,18.6,기온분석,일,기본,서울
2023-05-08,108,15.3,7.9,22.0,기온분석,일,기본,서울
2023-05-09,108,17.0,10.0,24.4,기온분석,일,기본,서울
2023-05-10,108,18.4,10.7,26.0,기온분석,일,기본,서울
2023-05-11,108,19.5,12.8,26.7,기온분석,일,기본,서울
2023-05-12,108,18.4,13.1,24.7,기온분석,일,기본,서울
2023-05-13,108,17.8,12.6,23.9,기온분석,일,기본,서울
2023-05-14,108,18.1,12.9,23.8,기온분석,일,기본,서울
2023-05-15,108,20.6,12.8,27.9,기온분석,일,기본,서울
2023-05-16,108,24.0,17.2,31.2,기온분석,일,기본,서울
2023-05-17,108,23.5,18.6,28.7,기온분석,일,기본,서울
2023-05-18,108,21.2,18.8,27.6,기온분석,일,기본,서울
2023-05-19,108,22.3,16.7,27.8,기온분석,일,기본,서울
2023-05-20,108,21.2,16.6,26.7,기온분석,일,기본,서울
2023-05-21,108,17.8,15.3,21.9,기온분석,일,기본,서울
2023-05-22,108,20.3,15.9,26.8,기온분석,일,기본,서울
2023-05-23,108,20.5,14.1,26.9,기온분석,일,기본,서울
2023-05-24,108,20.6,14.8,25.9,기온분석,일,기본,서울
2023-05-25,108,21.2,15.7,27.4,기온분석,일,기본,서울
2023-05-26,108,21.4,15.8,27.3,기온분석,일,기본,서울
2023-05-27,108,19.3,18.6,20.7,기온분석,일,기본,서울
2023-05-28,108,19.2,18.4,20.2,기온분석,일,기본,서울
2023-05-29,108,23.2,19.0,28.5,기온분석,일,기본,서울
2023-05-30,108,24.0,20.5,28.9,기온분석,일,기본,서울
2023-05-31,108,22.8,18.8,28.2,기온분석,일,기본,서울
2023-06-01,108,22.8,19.7,26.3,기온분석,일,기본,서울
2023-06-02,108,20.4,17.9,25.0,기온분석,일,기본,서울
2023-06-03,108,22.0,16.6,27.8,기온분석,일,기본,서울
2023-06-04,108,22.1,16.9,28.0,기온분석,일,기본,서울
2023-06-05,108,21.5,17.6,26.3,기온분석,일,기본,서울
2023-06-06,108,20.3,17.3,25.2,기온분석,일,기본,서울
2023-06-07,108,21.4,18.9,25.7,기온분석,일,기본,서울
2023-06-08,108,20.4,18.3,23.9,기온분석,일,기본,서울
2023-06-09,108,23.3,18.3,28.4,기온분석,일,기본,서울
2023-06-10,108,23.2,19.6,28.5,기온분석,일,기본,서울
2023-06-11,108,22.1,17.9,27.3,기온분석,일,기본,서울
2023-06-12,108,22.2,18.4,27.5,기온분석,일,기본,서울
2023-06-13,108,22.0,19.2,26.0,기온분석,일,기본,서울
2023-06-14,108,20.6,17.5,25.0,기온분석,일,기본,서울
2023-06-15,108,22.7,17.7,28.3,기온분석,일,기본,서울
2023-06-16,108,23.7,19.1,28.9,기온분석,일,기본,서울
2023-06-17,108,24.2,18.9,30.2,기온분석,일,기본,서울
2023-06-18,108,25.9,20.8,32.6,기온분석,일,기본,서울
2023-06-19,108,28.5,23.3,34.0,기온분석,일,기본,서울
2023-06-20,108,24.7,21.4,26.4,기온분석,일,기본,서울
2023-06-21,108,20.5,19.2,22.1,기온분석,일,기본,서울
2023-06-22,108,22.5,18.9,26.4,기온분석,일,기본,서울
2023-06-23,108,24.4,20.0,29.9,기온분석,일,기본,서울
2023-06-24,108,26.4,21.9,31.1,기온분석,일,기본,서울
2023-06-25,108,28.2,22.8,33.1,기온분석,일,기본,서울
2023-06-26,108,24.2,22.3,27.5,기온분석,일,기본,서울
2023-06-27,108,25.3,21.4,29.1,기온분석,일,기본,서울
2023-06-28,108,26.5,24.2,30.1,기온분석,일,기본,서울
2023-06-29,108,24.2,23.2,25.9,기온분석,일,기본,서울
2023-06-30,108,25.3,23.2,29.1,기온분석,일,기본,서울
2023-07-01,108,27.7,23.3,32.9,기온분석,일,기본,서울
2023-07-02,108,26.7,23.5,30.6,기온분석,일,기본,서울
2023-07-03,108,29.1,24.1,34.9,기온분석,일,기본,서울
2023-07-04,108,26.1,24.5,29.2,기온분석,일,기본,서울
2023-07-05,108,24.5,22.1,27.1,기온분석,일,기본,서울
2023-07-06,108,27.3,22.4,31.8,기온분석,일,기본,서울
2023-07-07,108,26.7,23.3,31.4,기온분석,일,기본,서울
2023-07-08,108,25.6,22.4,29.7,기온분석,일,기본,서울
2023-07-09,108,24.7,21.6,27.0,기온분석,일,기본,서울
2023-07-10,108,26.3,22.9,30.9,기온분석,일,기본,서울
2023-07-11,108,23.5,21.6,25.9,기온분석,일,기본,서울
2023-07-12,108,25.8,22.0,29.1,기온분석,일,기본,서울
2023-07-13,108,25.2,24.7,26.5,기온분석,일,기본,서울
2023-07-14,108,24.6,23.9,25.1,기온분석,일,기본,서울
2023-07-15,108,24.5,23.7,25.7,기온분석,일,기본,서울
2023-07-16,108,24.6,23.7,25.4,기온분석,일,기본,서울
2023-07-17,108,25.5,23.7,27.8,기온분석,일,기본,서울
2023-07-18,108,25.2,24.1,27.7,기온분석,일,기본,서울
2023-07-19,108,27.2,22.5,32.4,기온분석,일,기본,서울
2023-07-20,108,27.9,24.0,32.8,기온분석,일,기본,서울
2023-07-21,108,29.5,24.6,34.3,기온분석,일,기본,서울
2023-07-22,108,27.7,24.6,32.5,기온분석,일,기본,서울
2023-07-23,108,25.2,24.5,25.8,기온분석,일,기본,서울
2023-07-24,108,26.9,24.6,30.0,기온분석,일,기본,서울
2023-07-25,108,27.8,25.8,30.5,기온분석,일,기본,서울
2023-07-26,108,27.6,24.9,31.1,기온분석,일,기본,서울
2023-07-27,108,28.4,24.4,32.2,기온분석,일,기본,서울
2023-07-28,108,29.5,25.4,34.1,기온분석,일,기본,서울
2023-07-29,108,29.1,26.1,33.3,기온분석,일,기본,서울
2023-07-30,108,28.8,24.9,34.9,기온분석,일,기본,서울
2023-07-31,108,28.7,25.6,33.4,기온분석,일,기본,서울
2023-08-01,108,29.9,25.5,34.2,기온분석,일,기본,서울
2023-08-02,108,29.7,26.8,33.7,기온분석,일,기본,서울
2023-08-03,108,29.5,25.8,33.8,기온분석,일,기본,서울
2023-08-04,108,30.0,26.5,34.4,기온분석,일,기본,서울
2023-08-05,108,30.3,26.4,34.9,기온분석,일,기본,서울
2023-08-06,108,29.8,27.0,33.0,기온분석,일,기본,서울
2023-08-07,108,30.4,27.3,34.6,기온분석,일,기본,서울
2023-08-08,108,30.9,26.4,35.8,기온분석,일,기본,서울
2023-08-09,108,28.3,25.1,31.6,기온분석,일,기본,서울
2023-08-10,108,22.2,20.9,25.1,기온분석,일,기본,서울
2023-08-11,108,23.5,21.6,24.9,기온분석,일,기본,서울
2023-08-12,108,23.3,22.5,24.1,기온분석,일,기본,서울
2023-08-13,108,27.0,22.6,31.1,기온분석,일,기본,서울
2023-08-14,108,28.1,24.8,31.9,기온분석,일,기본,서울
2023-08-15,108,28.6,24.7,32.7,기온분석,일,기본,서울
2023-08-16,108,27.3,24.7,31.6,기온분석,일,기본,서울
2023-08-17,108,28.2,24.5,32.4,기온분석,일,기본,서울
2023-08-18,108,29.1,25.5,33.3,기온분석,일,기본,서울
2023-08-19,108,29.1,26.4,33.6,기온분석,일,기본,서울
2023-08-20,108,28.3,25.5,31.8,기온분석,일,기본,서울
2023-08-21,108,29.5,26.0,33.6,기온분석,일,기본,서울
2023-08-22,108,27.6,25.8,32.2,기온분석,일,기본,서울
2023-08-23,108,24.8,23.2,27.2,기온분석,일,기본,서울
2023-08-24,108,25.1,22.3,27.8,기온분석,일,기본,서울
2023-08-25,108,26.5,24.0,30.0,기온분석,일,기본,서울
2023-08-26,108,26.4,23.3,30.3,기온분석,일,기본,서울
2023-08-27,108,26.1,22.7,29.6,기온분석,일,기본,서울
2023-08-28,108,22.7,20.8,25.6,기온분석,일,기본,서울
2023-08-29,108,23.9,22.5,25.5,기온분석,일,기본,서울
2023-08-30,108,22.8,21.5,24.5,기온분석,일,기본,서울
2023-08-31,108,23.9,21.0,28.9,기온분석,일,기본,서울
2023-09-01,108,24.5,19.7,29.6,기온분석,일,기본,서울
2023-09-02,108,25.4,19.7,30.8,기온분석,일,기본,서울
2023-09-03,108,25.8,23.1,28.8,기온분석,일,기본,서울
2023-09-04,108,27.0,24.3,30.2,기온분석,일,기본,서울
2023-09-05,108,28.5,25.0,32.8,기온분석,일,기본,서울
2023-09-06,108,27.9,24.0,32.1,기온분석,일,기본,서울
2023-09-07,108,26.3,20.9,31.6,기온분석,일,기본,서울
2023-09-08,108,25.3,19.6,30.5,기온분석,일,기본,서울
2023-09-09,108,25.8,20.8,31.2,기온분석,일,기본,서울
2023-09-10,108,25.7,22.0,29.6,기온분석,일,기본,서울
2023-09-11,108,25.5,23.1,29.8,기온분석,일,기본,서울
2023-09-12,108,25.7,21.7,29.8,기온분석,일,기본,서울
2023-09-13,108,22.1,19.6,24.6,기온분석,일,기본,서울
2023-09-14,108,23.4,19.2,27.2,기온분석,일,기본,서울
2023-09-15,108,22.3,20.3,24.3,기온분석,일,기본,서울
2023-09-16,108,23.9,22.0,26.6,기온분석,일,기본,서울
2023-09-17,108,24.7,22.0,28.0,기온분석,일,기본,서울
2023-09-18,108,24.7,22.1,28.9,기온분석,일,기본,서울
2023-09-19,108,24.1,21.6,27.2,기온분석,일,기본,서울
2023-09-20,108,20.6,18.8,23.9,기온분석,일,기본,서울
2023-09-21,108,20.1,17.5,23.6,기온분석,일,기본,서울
2023-09-22,108,20.5,15.2,26.7,기온분석,일,기본,서울
2023-09-23,108,21.8,16.3,27.6,기온분석,일,기본,서울
2023-09-24,108,21.8,17.9,26.2,기온분석,일,기본,서울
2023-09-25,108,21.6,17.9,26.0,기온분석,일,기본,서울
2023-09-26,108,19.9,18.6,20.8,기온분석,일,기본,서울
2023-09-27,108,21.5,20.0,23.7,기온분석,일,기본,서울
2023-09-28,108,22.7,19.6,27.3,기온분석,일,기본,서울
2023-09-29,108,21.1,17.4,26.9,기온분석,일,기본,서울
2023-09-30,108,19.7,17.1,22.2,기온분석,일,기본,서울
2023-10-01,108,18.4,14.4,23.7,기온분석,일,기본,서울
2023-10-02,108,18.2,12.9,24.6,기온분석,일,기본,서울
2023-10-03,108,17.5,14.4,22.5,기온분석,일,기본,서울
2023-10-04,108,17.3,14.2,23.2,기온분석,일,기본,서울
2023-10-05,108,14.2,9.9,19.2,기온분석,일,기본,서울
2023-10-06,108,15.5,9.6,21.5,기온분석,일,기본,서울
2023-10-07,108,16.8,11.7,21.2,기온분석,일,기본,서울
2023-10-08,108,17.1,15.2,19.5,기온분석,일,기본,서울
2023-10-09,108,17.4,14.1,22.4,기온분석,일,기본,서울
2023-10-10,108,17.1,11.9,23.5,기온분석,일,기본,서울
2023-10-11,108,17.6,12.9,24.0,기온분석,일,기본,서울
2023-10-12,108,17.5,12.0,24.1,기온분석,일,기본,서울
2023-10-13,108,17.5,14.3,21.5,기온분석,일,기본,서울
2023-10-14,108,14.7,12.9,18.2,기온분석,일,기본,서울
2023-10-15,108,16.1,10.9,21.2,기온분석,일,기본,서울
2023-10-16,108,14.7,10.7,19.6,기온분석,일,기본,서울
2023-10-17,108,13.8,7.5,20.9,기온분석,일,기본,서울
2023-10-18,108,15.7,9.2,21.6,기온분석,일,기본,서울
2023-10-19,108,17.0,14.9,18.9,기온분석,일,기본,서울
2023-10-20,108,11.6,7.2,15.1,기온분석,일,기본,서울
2023-10-21,108,10.4,5.9,16.6,기온분석,일,기본,서울
2023-10-22,108,12.5,5.4,18.7,기온분석,일,기본,서울
2023-10-23,108,15.2,11.1,21.4,기온분석,일,기본,서울
2023-10-24,108,15.6,11.2,19.3,기온분석,일,기본,서울
2023-10-25,108,16.6,12.7,21.9,기온분석,일,기본,서울
2023-10-26,108,17.2,14.6,21.1,기온분석,일,기본,서울
2023-10-27,108,15.7,12.6,20.2,기온분석,일,기본,서울
2023-10-28,108,14.2,9.4,20.7,기온분석,일,기본,서울
2023-10-29,108,14.9,9.8,21.8,기온분석,일,기본,서울
2023-10-30,108,15.1,9.7,21.9,기온분석,일,기본,서울
2023-10-31,108,16.5,12.7,20.8,기온분석,일,기본,서울
2023-11-01,108,19.0,17.2,20.6,기온분석,일,기본,서울
2023-11-02,108,20.8,18.7,25.9,기온분석,일,기본,서울
2023-11-03,108,19.5,17.7,22.4,기온분석,일,기본,서울
2023-11-04,108,17.4,14.1,20.9,기온분석,일,기본,서울
2023-11-05,108,17.3,15.1,20.4,기온분석,일,기본,서울
2023-11-06,108,13.3,6.6,19.3,기온분석,일,기본,서울
2023-11-07,108,5.8,3.6,9.9,기온분석,일,기본,서울
2023-11-08,108,8.4,1.8,16.1,기온분석,일,기본,서울
2023-11-09,108,11.4,5.9,18.4,기온분석,일,기본,서울
2023-11-10,108,3.4,0.5,9.1,기온분석,일,기본,서울
2023-11-11,108,1.7,-1.9,6.7,기온분석,일,기본,서울
2023-11-12,108,1.2,-2.0,5.7,기온분석,일,기본,서울
2023-11-13,108,2.0,-2.2,6.7,기온분석,일,기본,서울
2023-11-14,108,5.0,-0.8,10.8,기온분석,일,기본,서울
2023-11-15,108,7.0,2.0,12.5,기온분석,일,기본,서울
2023-11-16,108,6.6,5.7,7.4,기온분석,일,기본,서울
2023-11-17,108,1.6,-1.9,5.9,기온분석,일,기본,서울
2023-11-18,108,0.6,-3.8,5.7,기온분석,일,기본,서울
2023-11-19,108,5.9,-0.3,13.4,기온분석,일,기본,서울
2023-11-20,108,6.2,1.8,12.8,기온분석,일,기본,서울
2023-11-21,108,7.4,1.4,14.8,기온분석,일,기본,서울
2023-11-22,108,9.5,2.9,15.1,기온분석,일,기본,서울
2023-11-23,108,9.9,1.9,14.6,기온분석,일,기본,서울
2023-11-24,108,-1.5,-4.4,2.2,기온분석,일,기본,서울
2023-11-25,108,-1.3,-5.9,4.0,기온분석,일,기본,서울
2023-11-26,108,4.0,-0.1,7.2,기온분석,일,기본,서울
2023-11-27,108,6.2,4.4,9.3,기온분석,일,기본,서울
2023-11-28,108,1.3,-1.2,5.2,기온분석,일,기본,서울
2023-11-29,108,-1.4,-4.0,3.0,기온분석,일,기본,서울
2023-11-30,108,-4.3,-7.3,-0.5,기온분석,일,기본,서울
2023-12-01,108,-3.2,-6.8,0.7,기온분석,일,기본,서울
2023-12-02,108,2.0,-4.4,8.0,기온분석,일,기본,서울
2023-12-03,108,0.8,-2.8,6.0,기온분석,일,기본,서울
2023-12-04,108,2.7,-3.0,9.4,기온분석,일,기본,서울
2023-12-05,108,6.8,3.8,12.6,기온분석,일,기본,서울
2023-12-06,108,6.1,3.9,8.7,기온분석,일,기본,서울
2023-12-07,108,6.6,0.8,11.4,기온분석,일,기본,서울
2023-12-08,108,11.2,5.1,16.8,기온분석,일,기본,서울
2023-12-09,108,13.7,11.7,16.2,기온분석,일,기본,서울
2023-12-10,108,11.4,6.7,15.5,기온분석,일,기본,서울
2023-12-11,108,8.9,5.0,12.3,기온분석,일,기본,서울
2023-12-12,108,5.4,3.5,9.3,기온분석,일,기본,서울
2023-12-13,108,6.8,2.6,10.3,기온분석,일,기본,서울
2023-12-14,108,7.6,6.2,9.1,기온분석,일,기본,서울
2023-12-15,108,4.9,3.7,6.2,기온분석,일,기본,서울
2023-12-16,108,-4.1,-9.9,3.8,기온분석,일,기본,서울
2023-12-17,108,-9.8,-12.4,-6.4,기온분석,일,기본,서울
2023-12-18,108,-7.7,-12.2,-3.6,기온분석,일,기본,서울
2023-12-19,108,-3.7,-8.2,0.2,기온분석,일,기본,서울
2023-12-20,108,-7.4,-11.9,-2.1,기온분석,일,기본,서울
2023-12-21,108,-11.7,-14.4,-8.0,기온분석,일,기본,서울
2023-12-22,108,-11.6,-14.7,-8.0,기온분석,일,기본,서울
2023-12-23,108,-6.8,-12.7,-0.9,기온분석,일,기본,서울
2023-12-24,108,-2.2,-5.6,3.0,기온분석,일,기본,서울
2023-12-25,108,-0.7,-2.7,2.1,기온분석,일,기본,서울
2023-12-26,108,1.9,-2.6,7.2,기온분석,일,기본,서울
2023-12-27,108,1.5,-2.8,6.8,기온분석,일,기본,서울
2023-12-28,108,1.2,-1.7,4.4,기온분석,일,기본,서울
2023-12-29,108,1.3,-1.5,4.6,기온분석,일,기본,서울
2023-12-30,108,0.6,-0.9,2.1,기온분석,일,기본,서울
2023-12-31,108,2.1,0.6,4.3,기온분석,일,기본,서울
2024-01-01,108,3.3,-0.3,7.3,기온분석,일,기본,서울
2024-01-02,108,2.9,2.2,4.3,기온분석,일,기본,서울
2024-01-03,108,1.8,-1.1,4.0,기온분석,일,기본,서울
2024-01-04,108,1.4,-3.3,4.7,기온분석,일,기본,서울
2024-01-05,108,5.0,1.4,9.1,기온분석,일,기본,서울
2024-01-06,108,0.7,-2.7,5.2,기온분석,일,기본,서울
2024-01-07,108,-4.4,-8.3,-0.9,기온분석,일,기본,서울
2024-01-08,108,-4.7,-10.3,0.0,기온분석,일,기본,서울
2024-01-09,108,-0.6,-1.9,0.4,기온분석,일,기본,서울
2024-01-10,108,-1.0,-4.1,3.3,기온분석,일,기본,서울
2024-01-11,108,1.7,-2.4,4.5,기온분석,일,기본,서울
2024-01-12,108,0.9,-1.4,4.2,기온분석,일,기본,서울
2024-01-13,108,0.4,-3.8,6.4,기온분석,일,기본,서울
2024-01-14,108,-0.6,-3.3,2.4,기온분석,일,기본,서울
2024-01-15,108,-3.7,-6.9,0.9,기온분석,일,기본,서울
2024-01-16,108,-2.1,-7.2,4.3,기온분석,일,기본,서울
2024-01-17,108,0.6,-2.3,1.9,기온분석,일,기본,서울
2024-01-18,108,4.5,1.4,9.4,기온분석,일,기본,서울
2024-01-19,108,5.4,4.0,9.0,기온분석,일,기본,서울
2024-01-20,108,3.4,1.9,4.9,기온분석,일,기본,서울
2024-01-21,108,1.7,-2.4,4.3,기온분석,일,기본,서울
2024-01-22,108,-8.7,-11.9,-2.4,기온분석,일,기본,서울
2024-01-23,108,-11.7,-14.0,-8.2,기온분석,일,기본,서울
2024-01-24,108,-8.0,-11.2,-3.7,기온분석,일,기본,서울
2024-01-25,108,-5.3,-9.7,-0.5,기온분석,일,기본,서울
2024-01-26,108,-1.7,-6.9,4.0,기온분석,일,기본,서울
2024-01-27,108,-0.5,-4.6,4.6,기온분석,일,기본,서울
2024-01-28,108,-1.5,-5.0,3.8,기온분석,일,기본,서울
2024-01-29,108,-0.4,-4.8,4.6,기온분석,일,기본,서울
2024-01-30,108,1.4,-4.0,8.1,기온분석,일,기본,서울
2024-01-31,108,4.7,0.7,10.6,기온분석,일,기본,서울
2024-02-01,108,2.4,-1.3,8.2,기온분석,일,기본,서울
2024-02-02,108,3.1,0.7,7.9,기온분석,일,기본,서울
2024-02-03,108,4.7,-0.2,8.3,기온분석,일,기본,서울
2024-02-04,108,7.3,3.7,12.2,기온분석,일,기본,서울
2024-02-05,108,2.7,0.1,6.6,기온분석,일,기본,서울
2024-02-06,108,1.2,0.0,2.9,기온분석,일,기본,서울
2024-02-07,108,0.6,-0.9,2.7,기온분석,일,기본,서울
2024-02-08,108,0.6,-3.0,6.2,기온분석,일,기본,서울
2024-02-09,108,1.1,-2.5,6.1,기온분석,일,기본,서울
2024-02-10,108,1.7,-1.5,7.4,기온분석,일,기본,서울
2024-02-11,108,1.0,-3.1,5.5,기온분석,일,기본,서울
2024-02-12,108,3.5,-2.9,10.5,기온분석,일,기본,서울
2024-02-13,108,8.2,2.0,13.7,기온분석,일,기본,서울
2024-02-14,108,12.9,8.8,18.3,기온분석,일,기본,서울
2024-02-15,108,4.5,0.6,11.6,기온분석,일,기본,서울
2024-02-16,108,2.3,-1.5,8.1,기온분석,일,기본,서울
2024-02-17,108,4.4,-1.2,11.7,기온분석,일,기본,서울
2024-02-18,108,6.2,1.2,9.4,기온분석,일,기본,서울
2024-02-19,108,9.1,4.2,11.9,기온분석,일,기본,서울
2024-02-20,108,4.3,2.8,6.8,기온분석,일,기본,서울
2024-02-21,108,1.9,0.0,4.0,기온분석,일,기본,서울
2024-02-22,108,0.2,-1.1,1.6,기온분석,일,기본,서울
2024-02-23,108,1.8,-1.0,6.1,기온분석,일,기본,서울
2024-02-24,108,2.0,-1.3,5.9,기온분석,일,기본,서울
2024-02-25,108,2.8,0.8,5.9,기온분석,일,기본,서울
2024-02-26,108,3.8,-1.2,9.7,기온분석,일,기본,서울
2024-02-27,108,5.3,1.2,9.8,기온분석,일,기본,서울
2024-02-28,108,6.4,3.2,10.1,기온분석,일,기본,서울
2024-02-29,108,4.8,0.3,9.6,기온분석,일,기본,서울
2024-03-01,108,-4.1,-7.1,0.3,기온분석,일,기본,서울
2024-03-02,108,-0.5,-8.1,4.1,기온분석,일,기본,서울
2024-03-03,108,4.0,0.4,7.8,기온분석,일,기본,서울
2024-03-04,108,5.4,-1.8,11.7,기온분석,일,기본,서울
2024-03-05,108,8.0,5.5,11.0,기온분석,일,기본,서울
2024-03-06,108,6.2,2.5,10.3,기온분석,일,기본,서울
2024-03-07,108,3.9,1.2,8.2,기온분석,일,기본,서울
2024-03-08,108,2.1,-0.7,6.5,기온분석,일,기본,서울
2024-03-09,108,2.0,-2.1,7.1,기온분석,일,기본,서울
2024-03-10,108,4.2,-1.8,10.6,기온분석,일,기본,서울
2024-03-11,108,6.2,2.0,10.8,기온분석,일,기본,서울
2024-03-12,108,6.6,4.4,10.0,기온분석,일,기본,서울
2024-03-13,108,6.5,1.3,12.0,기온분석,일,기본,서울
2024-03-14,108,8.5,3.4,15.4,기온분석,일,기본,서울
2024-03-15,108,8.9,4.0,14.5,기온분석,일,기본,서울
2024-03-16,108,10.9,4.4,18.3,기온분석,일,기본,서울
2024-03-17,108,8.8,5.4,12.2,기온분석,일,기본,서울
2024-03-18,108,7.1,1.4,13.2,기온분석,일,기본,서울
2024-03-19,108,6.7,3.9,9.8,기온분석,일,기본,서울
2024-03-20,108,4.4,1.2,8.7,기온분석,일,기본,서울
2024-03-21,108,5.0,-1.2,11.5,기온분석,일,기본,서울
2024-03-22,108,10.4,3.8,15.2,기온분석,일,기본,서울
2024-03-23,108,13.0,9.3,18.2,기온분석,일,기본,서울
2024-03-24,108,16.2,10.5,23.4,기온분석,일,기본,서울
2024-03-25,108,10.6,6.7,14.5,기온분석,일,기본,서울
2024-03-26,108,7.4,3.2,12.4,기온분석,일,기본,서울
2024-03-27,108,10.4,4.4,16.2,기온분석,일,기본,서울
2024-03-28,108,10.3,7.8,12.2,기온분석,일,기본,서울
2024-03-29,108,7.6,5.0,12.3,기온분석,일,기본,서울
2024-03-30,108,8.8,3.0,15.6,기온분석,일,기본,서울
2024-03-31,108,10.6,3.4,17.7,기온분석,일,기본,서울
2024-04-01,108,12.2,5.5,19.0,기온분석,일,기본,서울
2024-04-02,108,15.4,7.0,23.9,기온분석,일,기본,서울
2024-04-03,108,16.6,13.9,19.7,기온분석,일,기본,서울
2024-04-04,108,15.5,12.4,20.3,기온분석,일,기본,서울
2024-04-05,108,14.0,10.2,18.8,기온분석,일,기본,서울
2024-04-06,108,12.7,8.0,18.9,기온분석,일,기본,서울
2024-04-07,108,14.8,7.7,23.4,기온분석,일,기본,서울
2024-04-08,108,16.2,11.0,22.8,기온분석,일,기본,서울
2024-04-09,108,15.3,10.6,20.8,기온분석,일,기본,서울
2024-04-10,108,13.8,10.2,18.5,기온분석,일,기본,서울
2024-04-11,108,15.5,11.7,21.1,기온분석,일,기본,서울
2024-04-12,108,17.2,12.0,24.2,기온분석,일,기본,서울
2024-04-13,108,19.1,11.2,27.3,기온분석,일,기본,서울
2024-04-14,108,20.8,13.6,29.4,기온분석,일,기본,서울
2024-04-15,108,16.0,11.7,20.0,기온분석,일,기본,서울
2024-04-16,108,13.3,11.5,17.9,기온분석,일,기본,서울
2024-04-17,108,15.0,9.7,21.8,기온분석,일,기본,서울
2024-04-18,108,17.3,10.7,24.9,기온분석,일,기본,서울
2024-04-19,108,17.6,11.5,24.3,기온분석,일,기본,서울
2024-04-20,108,14.9,13.0,17.2,기온분석,일,기본,서울
2024-04-21,108,17.2,13.3,21.7,기온분석,일,기본,서울
2024-04-22,108,18.8,15.0,24.1,기온분석,일,기본,서울
2024-04-23,108,17.3,13.2,24.2,기온분석,일,기본,서울
2024-04-24,108,13.2,11.0,16.5,기온분석,일,기본,서울
2024-04-25,108,14.4,10.3,20.8,기온분석,일,기본,서울
2024-04-26,108,17.8,11.4,26.0,기온분석,일,기본,서울
2024-04-27,108,18.2,11.5,26.2,기온분석,일,기본,서울
2024-04-28,108,20.7,13.0,28.9,기온분석,일,기본,서울
2024-04-29,108,20.9,16.9,26.1,기온분석,일,기본,서울
2024-04-30,108,18.6,16.0,22.5,기온분석,일,기본,서울
2024-05-01,108,18.5,13.9,24.0,기온분석,일,기본,서울
2024-05-02,108,18.1,12.4,23.7,기온분석,일,기본,서울
2024-05-03,108,19.7,12.2,27.9,기온분석,일,기본,서울
2024-05-04,108,21.4,14.6,28.5,기온분석,일,기본,서울
2024-05-05,108,17.8,15.7,20.6,기온분석,일,기본,서울
2024-05-06,108,13.9,13.4,15.7,기온분석,일,기본,서울
2024-05-07,108,13.3,12.2,15.0,기온분석,일,기본,서울
2024-05-08,108,14.7,9.0,21.4,기온분석,일,기본,서울
2024-05-09,108,16.1,10.9,21.8,기온분석,일,기본,서울
2024-05-10,108,17.9,12.5,23.8,기온분석,일,기본,서울
2024-05-11,108,17.0,14.0,22.0,기온분석,일,기본,서울
2024-05-12,108,16.6,11.9,21.6,기온분석,일,기본,서울
2024-05-13,108,18.3,11.9,24.5,기온분석,일,기본,서울
2024-05-14,108,18.8,12.7,24.7,기온분석,일,기본,서울
2024-05-15,108,12.6,7.2,18.8,기온분석,일,기본,서울
2024-05-16,108,13.7,6.9,19.8,기온분석,일,기본,서울
2024-05-17,108,18.3,10.8,24.9,기온분석,일,기본,서울
2024-05-18,108,20.7,16.0,26.5,기온분석,일,기본,서울
2024-05-19,108,21.5,15.9,27.9,기온분석,일,기본,서울
2024-05-20,108,19.4,16.8,22.8,기온분석,일,기본,서울
2024-05-21,108,21.7,16.3,28.3,기온분석,일,기본,서울
2024-05-22,108,20.5,16.4,25.5,기온분석,일,기본,서울
2024-05-23,108,20.2,15.8,26.4,기온분석,일,기본,서울
2024-05-24,108,20.1,15.7,24.7,기온분석,일,기본,서울
2024-05-25,108,21.4,18.7,24.7,기온분석,일,기본,서울
2024-05-26,108,19.9,17.0,23.7,기온분석,일,기본,서울
2024-05-27,108,18.5,14.1,22.6,기온분석,일,기본,서울
2024-05-28,108,20.4,14.3,26.1,기온분석,일,기본,서울
2024-05-29,108,21.2,15.4,26.8,기온분석,일,기본,서울
2024-05-30,108,20.7,16.2,24.6,기온분석,일,기본,서울
2024-05-31,108,20.4,16.9,25.4,기온분석,일,기본,서울
2024-06-01,108,20.7,17.5,25.2,기온분석,일,기본,서울
2024-06-02,108,20.4,15.7,25.8,기온분석,일,기본,서울
2024-06-03,108,22.2,15.7,28.7,기온분석,일,기본,서울
2024-06-04,108,22.8,16.3,29.3,기온분석,일,기본,서울
2024-06-05,108,23.6,18.1,30.1,기온분석,일,기본,서울
2024-06-06,108,24.1,19.3,31.4,기온분석,일,기본,서울
2024-06-07,108,23.1,18.3,28.0,기온분석,일,기본,서울
2024-06-08,108,20.3,17.9,25.0,기온분석,일,기본,서울
2024-06-09,108,22.9,17.4,28.8,기온분석,일,기본,서울
2024-06-10,108,24.7,19.0,31.1,기온분석,일,기본,서울
2024-06-11,108,25.4,21.7,31.6,기온분석,일,기본,서울
2024-06-12,108,24.8,19.2,31.8,기온분석,일,기본,서울
2024-06-13,108,26.4,20.0,32.8,기온분석,일,기본,서울
2024-06-14,108,26.3,21.4,33.0,기온분석,일,기본,서울
2024-06-15,108,24.2,21.8,28.2,기온분석,일,기본,서울
2024-06-16,108,24.3,19.9,29.5,기온분석,일,기본,서울
2024-06-17,108,24.8,18.9,30.2,기온분석,일,기본,서울
2024-06-18,108,26.0,20.4,32.9,기온분석,일,기본,서울
2024-06-19,108,28.8,21.4,35.8,기온분석,일,기본,서울
2024-06-20,108,29.4,23.4,35.4,기온분석,일,기본,서울
2024-06-21,108,28.1,22.9,33.9,기온분석,일,기본,서울
2024-06-22,108,24.2,22.6,26.1,기온분석,일,기본,서울
2024-06-23,108,25.1,22.5,30.1,기온분석,일,기본,서울
2024-06-24,108,24.3,21.2,27.9,기온분석,일,기본,서울
2024-06-25,108,22.9,19.1,27.2,기온분석,일,기본,서울
2024-06-26,108,24.9,18.9,31.6,기온분석,일,기본,서울
2024-06-27,108,26.3,20.6,31.6,기온분석,일,기본,서울
2024-06-28,108,26.6,21.3,32.5,기온분석,일,기본,서울
2024-06-29,108,26.7,21.6,32.3,기온분석,일,기본,서울
2024-06-30,108,23.5,22.0,24.9,기온분석,일,기본,서울
2024-07-01,108,26.3,22.0,31.3,기온분석,일,기본,서울
2024-07-02,108,23.2,21.9,25.2,기온분석,일,기본,서울
2024-07-03,108,24.7,23.6,25.9,기온분석,일,기본,서울
2024-07-04,108,26.8,23.2,30.6,기온분석,일,기본,서울
2024-07-05,108,23.4,21.3,26.1,기온분석,일,기본,서울
2024-07-06,108,25.1,22.1,30.0,기온분석,일,기본,서울
2024-07-07,108,24.4,21.5,28.2,기온분석,일,기본,서울
2024-07-08,108,23.8,23.1,24.5,기온분석,일,기본,서울
2024-07-09,108,24.5,22.7,26.7,기온분석,일,기본,서울
2024-07-10,108,26.6,22.7,31.1,기온분석,일,기본,서울
2024-07-11,108,25.7,23.3,28.9,기온분석,일,기본,서울
2024-07-12,108,25.6,21.8,30.2,기온분석,일,기본,서울
2024-07-13,108,28.1,23.5,33.3,기온분석,일,기본,서울
2024-07-14,108,28.4,24.9,32.1,기온분석,일,기본,서울
2024-07-15,108,28.4,24.5,31.3,기온분석,일,기본,서울
2024-07-16,108,27.0,24.6,30.7,기온분석,일,기본,서울
2024-07-17,108,25.4,24.1,28.1,기온분석,일,기본,서울
2024-07-18,108,24.3,23.1,25.6,기온분석,일,기본,서울
2024-07-19,108,27.0,24.2,30.8,기온분석,일,기본,서울
2024-07-20,108,27.2,25.1,30.6,기온분석,일,기본,서울
2024-07-21,108,26.5,22.5,29.8,기온분석,일,기본,서울
2024-07-22,108,26.6,24.3,27.9,기온분석,일,기본,서울
2024-07-23,108,26.4,25.8,27.3,기온분석,일,기본,서울
2024-07-24,108,28.1,26.0,30.9,기온분석,일,기본,서울
2024-07-25,108,28.8,25.4,32.2,기온분석,일,기본,서울
2024-07-26,108,28.7,25.2,32.7,기온분석,일,기본,서울
2024-07-27,108,28.9,27.5,31.7,기온분석,일,기본,서울
2024-07-28,108,29.2,27.3,32.2,기온분석,일,기본,서울
2024-07-29,108,27.4,26.8,27.8,기온분석,일,기본,서울
2024-07-30,108,28.6,26.3,31.9,기온분석,일,기본,서울
2024-07-31,108,29.4,27.0,33.3,기온분석,일,기본,서울
2024-08-01,108,29.9,27.3,33.2,기온분석,일,기본,서울
2024-08-02,108,29.6,28.2,32.5,기온분석,일,기본,서울
2024-08-03,108,30.2,27.2,34.2,기온분석,일,기본,서울
2024-08-04,108,31.8,27.3,36.2,기온분석,일,기본,서울
2024-08-05,108,30.0,26.9,33.7,기온분석,일,기본,서울
2024-08-06,108,29.5,25.6,33.5,기온분석,일,기본,서울
2024-08-07,108,29.6,27.2,33.4,기온분석,일,기본,서울
2024-08-08,108,28.5,26.9,31.6,기온분석,일,기본,서울
2024-08-09,108,29.3,25.6,33.6,기온분석,일,기본,서울
2024-08-10,108,30.0,26.4,33.6,기온분석,일,기본,서울
2024-08-11,108,30.8,27.8,34.4,기온분석,일,기본,서울
2024-08-12,108,31.1,28.2,34.1,기온분석,일,기본,서울
2024-08-13,108,31.3,28.1,36.4,기온분석,일,기본,서울
2024-08-14,108,30.0,27.3,34.9,기온분석,일,기본,서울
2024-08-15,108,29.2,26.7,34.6,기온분석,일,기본,서울
2024-08-16,108,29.8,26.8,34.3,기온분석,일,기본,서울
2024-08-17,108,29.8,27.2,34.0,기온분석,일,기본,서울
2024-08-18,108,29.5,27.0,33.9,기온분석,일,기본,서울
2024-08-19,108,29.7,26.3,35.3,기온분석,일,기본,서울
2024-08-20,108,31.4,27.0,35.4,기온분석,일,기본,서울
2024-08-21,108,28.4,26.9,30.8,기온분석,일,기본,서울
2024-08-22,108,28.6,27.1,30.3,기온분석,일,기본,서울
2024-08-23,108,28.4,26.4,31.8,기온분석,일,기본,서울
2024-08-24,108,27.6,25.1,30.9,기온분석,일,기본,서울
2024-08-25,108,28.5,24.9,32.7,기온분석,일,기본,서울
2024-08-26,108,28.1,25.6,30.6,기온분석,일,기본,서울
2024-08-27,108,26.5,24.6,30.3,기온분석,일,기본,서울
2024-08-28,108,28.2,23.0,33.2,기온분석,일,기본,서울
2024-08-29,108,28.4,23.4,33.5,기온분석,일,기본,서울
2024-08-30,108,28.0,23.7,32.9,기온분석,일,기본,서울
2024-08-31,108,27.6,22.6,33.0,기온분석,일,기본,서울
2024-09-01,108,27.1,24.6,31.6,기온분석,일,기본,서울
2024-09-02,108,24.5,22.2,26.9,기온분석,일,기본,서울
2024-09-03,108,27.0,23.2,32.0,기온분석,일,기본,서울
2024-09-04,108,27.9,23.2,33.3,기온분석,일,기본,서울
2024-09-05,108,26.3,25.6,28.8,기온분석,일,기본,서울
2024-09-06,108,24.0,23.3,25.7,기온분석,일,기본,서울
2024-09-07,108,26.5,22.8,31.3,기온분석,일,기본,서울
2024-09-08,108,27.2,22.6,32.8,기온분석,일,기본,서울
2024-09-09,108,28.5,24.1,34.1,기온분석,일,기본,서울
2024-09-10,108,29.4,25.6,33.9,기온분석,일,기본,서울
2024-09-11,108,29.0,25.4,34.6,기온분석,일,기본,서울
2024-09-12,108,25.4,24.8,27.1,기온분석,일,기본,서울
2024-09-13,108,25.9,24.2,28.0,기온분석,일,기본,서울
2024-09-14,108,28.0,25.2,32.2,기온분석,일,기본,서울
2024-09-15,108,27.5,24.2,32.4,기온분석,일,기본,서울
2024-09-16,108,26.8,21.3,32.2,기온분석,일,기본,서울
2024-09-17,108,28.6,25.8,33.2,기온분석,일,기본,서울
2024-09-18,108,29.4,26.5,33.6,기온분석,일,기본,서울
2024-09-19,108,29.1,25.6,32.6,기온분석,일,기본,서울
2024-09-20,108,25.0,17.9,28.6,기온분석,일,기본,서울
2024-09-21,108,19.3,17.1,21.9,기온분석,일,기본,서울
2024-09-22,108,21.0,16.9,26.7,기온분석,일,기본,서울
2024-09-23,108,20.8,16.6,26.1,기온분석,일,기본,서울
2024-09-24,108,21.0,15.6,26.9,기온분석,일,기본,서울
2024-09-25,108,23.3,18.6,27.3,기온분석,일,기본,서울
2024-09-26,108,23.6,21.1,28.0,기온분석,일,기본,서울
2024-09-27,108,22.7,19.1,28.0,기온분석,일,기본,서울
2024-09-28,108,23.2,19.2,27.9,기온분석,일,기본,서울
2024-09-29,108,23.5,19.1,29.0,기온분석,일,기본,서울
2024-09-30,108,23.0,18.3,28.5,기온분석,일,기본,서울
2024-10-01,108,18.3,13.3,21.7,기온분석,일,기본,서울
2024-10-02,108,14.9,11.6,19.9,기온분석,일,기본,서울
2024-10-03,108,16.4,10.8,22.5,기온분석,일,기본,서울
2024-10-04,108,17.6,11.9,24.2,기온분석,일,기본,서울
2024-10-05,108,17.5,11.6,24.4,기온분석,일,기본,서울
2024-10-06,108,15.4,12.3,17.9,기온분석,일,기본,서울
2024-10-07,108,16.9,14.0,20.7,기온분석,일,기본,서울
2024-10-08,108,17.7,12.7,23.9,기온분석,일,기본,서울
2024-10-09,108,18.8,13.9,24.4,기온분석,일,기본,서울
2024-10-10,108,18.8,15.3,24.1,기온분석,일,기본,서울
2024-10-11,108,18.6,13.9,24.4,기온분석,일,기본,서울
2024-10-12,108,18.3,13.4,24.7,기온분석,일,기본,서울
2024-10-13,108,18.3,12.6,22.6,기온분석,일,기본,서울
2024-10-14,108,19.3,17.6,21.5,기온분석,일,기본,서울
2024-10-15,108,19.2,17.6,21.9,기온분석,일,기본,서울
2024-10-16,108,18.2,14.4,24.2,기온분석,일,기본,서울
2024-10-17,108,19.0,13.8,25.7,기온분석,일,기본,서울
2024-10-18,108,17.4,16.2,18.8,기온분석,일,기본,서울
2024-10-19,108,16.6,12.4,21.1,기온분석,일,기본,서울
2024-10-20,108,13.4,10.5,17.8,기온분석,일,기본,서울
2024-10-21,108,14.8,9.7,19.3,기온분석,일,기본,서울
2024-10-22,108,15.5,14.9,16.6,기온분석,일,기본,서울
2024-10-23,108,12.7,9.4,15.5,기온분석,일,기본,서울
2024-10-24,108,12.5,7.1,18.4,기온분석,일,기본,서울
2024-10-25,108,14.9,8.7,21.5,기온분석,일,기본,서울
2024-10-26,108,17.0,10.7,24.0,기온분석,일,기본,서울
2024-10-27,108,16.0,14.0,18.8,기온분석,일,기본,서울
2024-10-28,108,15.7,12.3,20.4,기온분석,일,기본,서울
2024-10-29,108,15.0,13.4,18.3,기온분석,일,기본,서울
2024-10-30,108,15.7,11.4,21.4,기온분석,일,기본,서울
2024-10-31,108,15.9,11.0,22.6,기온분석,일,기본,서울
2024-11-01,108,15.3,12.9,18.7,기온분석,일,기본,서울
2024-11-02,108,18.1,13.0,25.1,기온분석,일,기본,서울
2024-11-03,108,17.6,13.0,23.5,기온분석,일,기본,서울
2024-11-04,108,14.8,8.9,18.3,기온분석,일,기본,서울
2024-11-05,108,9.1,5.6,14.7,기온분석,일,기본,서울
2024-11-06,108,7.5,4.1,12.5,기온분석,일,기본,서울
2024-11-07,108,7.8,1.6,15.7,기온분석,일,기본,서울
2024-11-08,108,10.2,3.1,18.1,기온분석,일,기본,서울
2024-11-09,108,12.9,6.8,20.3,기온분석,일,기본,서울
2024-11-10,108,14.4,10.3,21.0,기온분석,일,기본,서울
2024-11-11,108,14.6,9.7,21.8,기온분석,일,기본,서울
2024-11-12,108,14.3,11.0,19.2,기온분석,일,기본,서울
2024-11-13,108,14.2,8.3,21.3,기온분석,일,기본,서울
2024-11-14,108,14.8,13.2,16.8,기온분석,일,기본,서울
2024-11-15,108,17.0,13.7,21.5,기온분석,일,기본,서울
2024-11-16,108,17.0,14.4,22.6,기온분석,일,기본,서울
2024-11-17,108,7.0,2.1,14.4,기온분석,일,기본,서울
2024-11-18,108,2.8,-0.7,7.9,기온분석,일,기본,서울
2024-11-19,108,5.7,0.3,11.3,기온분석,일,기본,서울
2024-11-20,108,6.5,2.4,9.6,기온분석,일,기본,서울
2024-11-21,108,9.7,6.0,14.1,기온분석,일,기본,서울
2024-11-22,108,6.2,3.3,10.6,기온분석,일,기본,서울
2024-11-23,108,6.4,1.5,12.6,기온분석,일,기본,서울
2024-11-24,108,7.4,2.6,14.2,기온분석,일,기본,서울
2024-11-25,108,10.1,3.6,15.4,기온분석,일,기본,서울
2024-11-26,108,5.8,1.0,12.7,기온분석,일,기본,서울
2024-11-27,108,-0.4,-1.3,1.2,기온분석,일,기본,서울
2024-11-28,108,0.8,-1.7,3.4,기온분석,일,기본,서울
2024-11-29,108,0.2,-3.4,3.4,기온분석,일,기본,서울
2024-11-30,108,2.5,-0.5,5.6,기온분석,일,기본,서울
2024-12-01,108,5.2,1.6,8.2,기온분석,일,기본,서울
2024-12-02,108,6.4,0.6,13.0,기온분석,일,기본,서울
2024-12-03,108,1.3,-2.4,5.2,기온분석,일,기본,서울
2024-12-04,108,3.1,-0.6,6.9,기온분석,일,기본,서울
2024-12-05,108,3.9,-0.1,8.8,기온분석,일,기본,서울
2024-12-06,108,2.1,-0.4,5.2,기온분석,일,기본,서울
2024-12-07,108,0.2,-2.5,4.6,기온분석,일,기본,서울
2024-12-08,108,-0.2,-3.9,4.1,기온분석,일,기본,서울
2024-12-09,108,1.0,-3.8,7.4,기온분석,일,기본,서울
2024-12-10,108,2.6,-1.9,6.9,기온분석,일,기본,서울
2024-12-11,108,3.0,0.2,8.2,기온분석,일,기본,서울
2024-12-12,108,0.5,-3.2,5.4,기온분석,일,기본,서울
2024-12-13,108,1.0,-1.5,4.5,기온분석,일,기본,서울
2024-12-14,108,-0.8,-3.6,2.5,기온분석,일,기본,서울
2024-12-15,108,1.2,-2.2,5.4,기온분석,일,기본,서울
2024-12-16,108,-0.2,-3.3,3.9,기온분석,일,기본,서울
2024-12-17,108,-0.8,-3.5,3.8,기온분석,일,기본,서울
2024-12-18,108,-3.4,-6.2,0.9,기온분석,일,기본,서울
2024-12-19,108,-1.4,-6.7,4.9,기온분석,일,기본,서울
2024-12-20,108,1.4,-2.1,5.3,기온분석,일,기본,서울
2024-12-21,108,-0.7,-4.7,1.9,기온분석,일,기본,서울
2024-12-22,108,-3.4,-7.7,1.0,기온분석,일,기본,서울
2024-12-23,108,0.3,-5.0,6.7,기온분석,일,기본,서울
2024-12-24,108,-0.4,-4.3,5.1,기온분석,일,기본,서울
2024-12-25,108,2.7,-1.1,6.5,기온분석,일,기본,서울
2024-12-26,108,0.1,-4.8,4.2,기온분석,일,기본,서울
2024-12-27,108,-2.6,-5.9,1.8,기온분석,일,기본,서울
2024-12-28,108,-3.0,-6.7,1.1,기온분석,일,기본,서울
2024-12-29,108,1.1,-4.2,6.1,기온분석,일,기본,서울
2024-12-30,108,5.5,1.9,10.1,기온분석,일,기본,서울
2024-12-31,108,0.6,-2.0,4.9,기온분석,일,기본,서울
2025-01-01,108,2.6,-2.5,8.9,기온분석,일,기본,서울
2025-01-02,108,0.5,-2.9,6.0,기온분석,일,기본,서울
2025-01-03,108,-1.1,-5.1,3.2,기온분석,일,기본,서울
2025-01-04,108,-0.1,-5.4,5.7,기온분석,일,기본,서울
2025-01-05,108,1.2,-0.7,2.5,기온분석,일,기본,서울
2025-01-06,108,1.0,-3.0,3.4,기온분석,일,기본,서울
2025-01-07,108,-2.6,-5.7,1.5,기온분석,일,기본,서울
2025-01-08,108,-3.4,-6.1,0.2,기온분석,일,기본,서울
2025-01-09,108,-9.7,-11.6,-6.1,기온분석,일,기본,서울
2025-01-10,108,-7.3,-12.2,-1.7,기온분석,일,기본,서울
2025-01-11,108,-5.1,-9.5,0.4,기온분석,일,기본,서울
2025-01-12,108,-3.4,-8.2,2.5,기온분석,일,기본,서울
2025-01-13,108,-0.4,-5.6,4.1,기온분석,일,기본,서울
2025-01-14,108,2.3,-1.7,5.2,기온분석,일,기본,서울
2025-01-15,108,-3.5,-5.3,-0.5,기온분석,일,기본,서울
2025-01-16,108,-0.5,-4.9,2.8,기온분석,일,기본,서울
2025-01-17,108,-0.5,-4.9,5.6,기온분석,일,기본,서울
2025-01-18,108,1.0,-4.0,7.5,기온분석,일,기본,서울
2025-01-19,108,3.8,-1.2,9.0,기온분석,일,기본,서울
2025-01-20,108,3.9,0.9,7.5,기온분석,일,기본,서울
2025-01-21,108,2.4,-1.0,6.3,기온분석,일,기본,서울
2025-01-22,108,3.6,0.5,7.7,기온분석,일,기본,서울
2025-01-23,108,2.0,-2.4,7.7,기온분석,일,기본,서울
2025-01-24,108,3.1,-2.7,10.6,기온분석,일,기본,서울
2025-01-25,108,5.2,1.2,11.4,기온분석,일,기본,서울
2025-01-26,108,4.6,1.8,7.5,기온분석,일,기본,서울
2025-01-27,108,0.2,-2.7,5.1,기온분석,일,기본,서울
2025-01-28,108,-3.9,-5.3,-2.5,기온분석,일,기본,서울
2025-01-29,108,-4.6,-6.4,-1.3,기온분석,일,기본,서울
2025-01-30,108,-3.8,-7.5,-1.0,기온분석,일,기본,서울
2025-01-31,108,-0.8,-2.6,0.7,기온분석,일,기본,서울
2025-02-01,108,1.6,-2.0,7.9,기온분석,일,기본,서울
2025-02-02,108,1.5,-2.5,6.8,기온분석,일,기본,서울
2025-02-03,108,-4.1,-8.2,0.6,기온분석,일,기본,서울
2025-02-04,108,-9.0,-11.5,-5.3,기온분석,일,기본,서울
2025-02-05,108,-8.6,-11.8,-3.7,기온분석,일,기본,서울
2025-02-06,108,-5.6,-11.5,-0.2,기온분석,일,기본,서울
2025-02-07,108,-8.0,-10.7,-4.7,기온분석,일,기본,서울
2025-02-08,108,-7.9,-11.5,-3.4,기온분석,일,기본,서울
2025-02-09,108,-4.7,-9.6,1.7,기온분석,일,기본,서울
2025-02-10,108,-2.6,-7.5,2.6,기온분석,일,기본,서울
2025-02-11,108,0.5,-5.7,7.0,기온분석,일,기본,서울
2025-02-12,108,0.5,-2.9,2.5,기온분석,일,기본,서울
2025-02-13,108,0.2,-5.8,6.1,기온분석,일,기본,서울
2025-02-14,108,3.7,-1.6,10.1,기온분석,일,기본,서울
2025-02-15,108,4.1,0.4,7.8,기온분석,일,기본,서울
2025-02-16,108,4.3,0.4,9.7,기온분석,일,기본,서울
2025-02-17,108,-0.3,-3.4,3.5,기온분석,일,기본,서울
2025-02-18,108,-2.3,-5.2,2.6,기온분석,일,기본,서울
2025-02-19,108,-3.0,-5.8,1.2,기온분석,일,기본,서울
2025-02-20,108,-2.9,-6.5,1.9,기온분석,일,기본,서울
2025-02-21,108,-2.5,-6.4,2.6,기온분석,일,기본,서울
2025-02-22,108,-2.3,-5.6,2.7,기온분석,일,기본,서울
2025-02-23,108,-3.6,-6.5,0.5,기온분석,일,기본,서울
2025-02-24,108,-1.3,-6.3,4.7,기온분석,일,기본,서울
2025-02-25,108,2.1,-3.1,6.1,기온분석,일,기본,서울
2025-02-26,108,3.7,0.7,9.1,기온분석,일,기본,서울
2025-02-27,108,5.8,-2.0,14.2,기온분석,일,기본,서울
2025-02-28,108,7.8,3.7,13.7,기온분석,일,기본,서울
2025-03-01,108,8.5,3.4,13.0,기온분석,일,기본,서울
2025-03-02,108,8.3,2.2,15.6,기온분석,일,기본,서울
2025-03-03,108,3.1,1.0,7.1,기온분석,일,기본,서울
2025-03-04,108,2.5,0.9,3.4,기온분석,일,기본,서울
2025-03-05,108,4.8,2.3,9.2,기온분석,일,기본,서울
2025-03-06,108,4.8,-0.4,10.4,기온분석,일,기본,서울
2025-03-07,108,5.3,0.0,11.1,기온분석,일,기본,서울
2025-03-08,108,5.8,2.8,11.2,기온분석,일,기본,서울
2025-03-09,108,6.9,1.2,13.5,기온분석,일,기본,서울
2025-03-10,108,8.0,2.4,14.9,기온분석,일,기본,서울
2025-03-11,108,9.4,2.9,16.6,기온분석,일,기본,서울
2025-03-12,108,8.5,6.7,11.8,기온분석,일,기본,서울
2025-03-13,108,8.9,3.2,15.0,기온분석,일,기본,서울
2025-03-14,108,12.4,5.0,20.1,기온분석,일,기본,서울
2025-03-15,108,12.6,10.0,17.2,기온분석,일,기본,서울
2025-03-16,108,4.9,1.3,10.1,기온분석,일,기본,서울
2025-03-17,108,2.5,-1.3,6.8,기온분석,일,기본,서울
2025-03-18,108,2.1,0.3,5.6,기온분석,일,기본,서울
2025-03-19,108,2.4,-1.9,7.3,기온분석,일,기본,서울
2025-03-20,108,8.2,2.2,15.0,기온분석,일,기본,서울
2025-03-21,108,11.6,7.9,18.7,기온분석,일,기본,서울
2025-03-22,108,12.8,6.1,19.9,기온분석,일,기본,서울
2025-03-23,108,15.2,7.1,24.0,기온분석,일,기본,서울
2025-03-24,108,15.5,11.7,21.3,기온분석,일,기본,서울
2025-03-25,108,12.7,8.4,21.4,기온분석,일,기본,서울
2025-03-26,108,15.5,6.0,23.9,기온분석,일,기본,서울
2025-03-27,108,13.7,7.1,18.6,기온분석,일,기본,서울
2025-03-28,108,6.5,3.1,11.8,기온분석,일,기본,서울
2025-03-29,108,3.3,0.6,6.7,기온분석,일,기본,서울
2025-03-30,108,3.3,-1.8,7.6,기온분석,일,기본,서울
2025-03-31,108,7.7,1.2,14.1,기온분석,일,기본,서울
2025-04-01,108,10.1,3.9,17.0,기온분석,일,기본,서울
2025-04-02,108,8.9,5.2,14.4,기온분석,일,기본,서울
2025-04-03,108,9.8,3.6,16.9,기온분석,일,기본,서울
2025-04-04,108,10.6,6.0,16.4,기온분석,일,기본,서울
2025-04-05,108,8.0,7.5,9.5,기온분석,일,기본,서울
2025-04-06,108,10.3,6.9,15.7,기온분석,일,기본,서울
2025-04-07,108,13.5,5.5,20.1,기온분석,일,기본,서울
2025-04-08,108,13.8,10.7,18.9,기온분석,일,기본,서울
2025-04-09,108,12.7,8.4,18.0,기온분석,일,기본,서울
2025-04-10,108,13.2,8.8,19.1,기온분석,일,기본,서울
2025-04-11,108,16.2,8.1,24.2,기온분석,일,기본,서울
2025-04-12,108,12.9,1.4,22.5,기온분석,일,기본,서울
2025-04-13,108,5.5,1.1,8.2,기온분석,일,기본,서울
2025-04-14,108,4.4,2.6,6.0,기온분석,일,기본,서울
2025-04-15,108,8.2,2.3,14.0,기온분석,일,기본,서울
2025-04-16,108,14.6,6.4,21.9,기온분석,일,기본,서울
2025-04-17,108,19.7,15.8,24.7,기온분석,일,기본,서울
2025-04-18,108,18.6,15.4,23.7,기온분석,일,기본,서울
2025-04-19,108,15.3,12.2,20.0,기온분석,일,기본,서울
2025-04-20,108,16.7,9.5,24.1,기온분석,일,기본,서울
2025-04-21,108,20.7,14.2,27.1,기온분석,일,기본,서울
2025-04-22,108,17.8,14.2,20.4,기온분석,일,기본,서울
2025-04-23,108,16.8,10.9,22.9,기온분석,일,기본,서울
2025-04-24,108,14.7,10.7,19.6,기온분석,일,기본,서울
2025-04-25,108,12.5,7.7,17.8,기온분석,일,기본,서울
2025-04-26,108,13.8,7.2,20.0,기온분석,일,기본,서울
2025-04-27,108,14.9,10.7,19.1,기온분석,일,기본,서울
2025-04-28,108,15.1,10.3,20.2,기온분석,일,기본,서울
2025-04-29,108,14.8,8.2,21.0,기온분석,일,기본,서울
2025-04-30,108,18.4,10.0,25.8,기온분석,일,기본,서울
2025-05-01,108,14.7,11.3,17.6,기온분석,일,기본,서울
2025-05-02,108,13.4,8.2,18.5,기온분석,일,기본,서울
2025-05-03,108,11.2,9.5,14.0,기온분석,일,기본,서울
2025-05-04,108,13.7,8.2,19.9,기온분석,일,기본,서울
2025-05-05,108,12.1,9.3,15.0,기온분석,일,기본,서울
2025-05-06,108,14.4,8.5,19.5,기온분석,일,기본,서울
2025-05-07,108,14.9,9.9,21.1,기온분석,일,기본,서울
2025-05-08,108,17.4,9.7,24.9,기온분석,일,기본,서울
2025-05-09,108,15.1,14.1,17.4,기온분석,일,기본,서울
2025-05-10,108,12.3,11.6,15.3,기온분석,일,기본,서울
2025-05-11,108,14.7,11.4,20.2,기온분석,일,기본,서울
2025-05-12,108,17.0,9.8,23.6,기온분석,일,기본,서울
2025-05-13,108,19.9,13.3,25.8,기온분석,일,기본,서울
2025-05-14,108,21.0,14.1,26.7,기온분석,일,기본,서울
2025-05-15,108,19.5,16.8,22.2,기온분석,일,기본,서울
2025-05-16,108,19.4,17.8,22.0,기온분석,일,기본,서울
2025-05-17,108,18.3,14.7,24.3,기온분석,일,기본,서울
2025-05-18,108,15.6,11.4,21.0,기온분석,일,기본,서울
2025-05-19,108,16.1,10.5,20.9,기온분석,일,기본,서울
2025-05-20,108,22.2,17.4,27.3,기온분석,일,기본,서울
2025-05-21,108,25.5,22.3,30.8,기온분석,일,기본,서울
2025-05-22,108,23.9,20.0,28.5,기온분석,일,기본,서울
2025-05-23,108,19.4,15.4,22.2,기온분석,일,기본,서울
2025-05-24,108,15.6,13.0,19.3,기온분석,일,기본,서울
2025-05-25,108,17.4,11.7,22.6,기온분석,일,기본,서울
2025-05-26,108,19.7,13.0,26.2,기온분석,일,기본,서울
2025-05-27,108,20.8,14.7,27.0,기온분석,일,기본,서울
2025-05-28,108,20.8,16.3,26.9,기온분석,일,기본,서울
2025-05-29,108,21.2,15.3,27.3,기온분석,일,기본,서울
2025-05-30,108,22.2,16.7,28.3,기온분석,일,기본,서울
2025-05-31,108,21.5,16.4,27.0,기온분석,일,기본,서울
2025-06-01,108,22.6,17.0,29.3,기온분석,일,기본,서울
2025-06-02,108,21.0,19.2,23.1,기온분석,일,기본,서울
2025-06-03,108,20.9,17.0,25.3,기온분석,일,기본,서울
2025-06-04,108,20.5,15.2,25.3,기온분석,일,기본,서울
2025-06-05,108,21.7,15.6,27.1,기온분석,일,기본,서울
2025-06-06,108,24.1,17.7,30.0,기온분석,일,기본,서울
2025-06-07,108,23.7,19.8,28.2,기온분석,일,기본,서울
2025-06-08,108,25.1,21.4,30.4,기온분석,일,기본,서울
2025-06-09,108,24.2,20.6,30.2,기온분석,일,기본,서울
2025-06-10,108,21.7,18.8,25.3,기온분석,일,기본,서울
2025-06-11,108,22.7,15.9,28.5,기온분석,일,기본,서울
2025-06-12,108,25.5,17.9,33.1,기온분석,일,기본,서울
2025-06-13,108,24.0,20.1,29.4,기온분석,일,기본,서울
2025-06-14,108,25.6,20.3,32.1,기온분석,일,기본,서울
2025-06-15,108,26.3,21.7,33.2,기온분석,일,기본,서울
2025-06-16,108,23.0,21.8,25.1,기온분석,일,기본,서울
2025-06-17,108,24.8,21.1,29.6,기온분석,일,기본,서울
2025-06-18,108,25.5,21.2,30.9,기온분석,일,기본,서울
2025-06-19,108,28.1,21.1,34.2,기온분석,일,기본,서울
2025-06-20,108,24.1,22.2,28.3,기온분석,일,기본,서울
2025-06-21,108,22.0,20.5,24.2,기온분석,일,기본,서울
2025-06-22,108,23.3,18.1,28.6,기온분석,일,기본,서울
2025-06-23,108,26.1,19.4,31.7,기온분석,일,기본,서울
2025-06-24,108,25.0,20.5,28.0,기온분석,일,기본,서울
2025-06-25,108,20.9,19.5,22.1,기온분석,일,기본,서울
2025-06-26,108,22.2,19.9,24.2,기온분석,일,기본,서울
2025-06-27,108,25.0,21.1,29.3,기온분석,일,기본,서울
2025-06-28,108,26.2,24.5,28.1,기온분석,일,기본,서울
2025-06-29,108,27.1,24.9,30.2,기온분석,일,기본,서울
2025-06-30,108,28.2,25.6,31.2,기온분석,일,기본,서울
2025-07-01,108,28.6,26.2,31.8,기온분석,일,기본,서울
2025-07-02,108,28.6,26.8,30.9,기온분석,일,기본,서울
2025-07-03,108,28.3,26.5,32.0,기온분석,일,기본,서울
2025-07-04,108,27.2,25.7,30.0,기온분석,일,기본,서울
2025-07-05,108,28.4,26.0,32.3,기온분석,일,기본,서울
2025-07-06,108,29.1,26.3,32.8,기온분석,일,기본,서울
2025-07-07,108,29.1,26.7,33.2,기온분석,일,기본,서울
2025-07-08,108,31.3,26.9,37.8,기온분석,일,기본,서울
2025-07-09,108,31.9,27.4,36.0,기온분석,일,기본,서울
2025-07-10,108,31.4,27.3,36.2,기온분석,일,기본,서울
2025-07-11,108,30.2,24.6,36.1,기온분석,일,기본,서울
2025-07-12,108,30.3,24.4,36.5,기온분석,일,기본,서울
2025-07-13,108,27.7,25.6,31.0,기온분석,일,기본,서울
2025-07-14,108,24.2,21.7,28.1,기온분석,일,기본,서울
2025-07-15,108,23.6,21.5,25.9,기온분석,일,기본,서울
2025-07-16,108,23.3,22.2,24.8,기온분석,일,기본,서울
2025-07-17,108,23.3,22.0,24.4,기온분석,일,기본,서울
2025-07-18,108,24.7,22.9,27.2,기온분석,일,기본,서울
2025-07-19,108,23.9,21.9,25.8,기온분석,일,기본,서울
2025-07-20,108,27.7,25.0,31.3,기온분석,일,기본,서울
2025-07-21,108,28.5,25.6,31.6,기온분석,일,기본,서울
2025-07-22,108,28.8,26.6,32.2,기온분석,일,기본,서울
2025-07-23,108,28.9,25.5,33.3,기온분석,일,기본,서울
2025-07-24,108,29.8,25.8,34.1,기온분석,일,기본,서울
2025-07-25,108,31.1,25.6,36.3,기온분석,일,기본,서울
2025-07-26,108,32.3,27.6,37.1,기온분석,일,기본,서울
2025-07-27,108,32.8,28.3,38.0,기온분석,일,기본,서울
2025-07-28,108,32.2,28.8,36.4,기온분석,일,기본,서울
2025-07-29,108,32.0,27.6,36.7,기온분석,일,기본,서울
2025-07-30,108,32.1,28.3,36.3,기온분석,일,기본,서울
2025-07-31,108,30.9,29.3,34.6,기온분석,일,기본,서울
2025-08-01,108,31.0,27.8,35.1,기온분석,일,기본,서울
2025-08-02,108,31.2,27.3,36.2,기온분석,일,기본,서울
2025-08-03,108,28.8,24.0,32.5,기온분석,일,기본,서울
2025-08-04,108,28.1,23.7,33.9,기온분석,일,기본,서울
2025-08-05,108,29.1,25.4,33.5,기온분석,일,기본,서울
2025-08-06,108,27.1,25.8,29.3,기온분석,일,기본,서울
2025-08-07,108,28.2,25.4,32.3,기온분석,일,기본,서울
2025-08-08,108,26.6,23.9,30.2,기온분석,일,기본,서울
2025-08-09,108,24.9,23.1,26.4,기온분석,일,기본,서울
2025-08-10,108,27.3,21.0,33.2,기온분석,일,기본,서울
2025-08-11,108,27.0,25.0,29.5,기온분석,일,기본,서울
2025-08-12,108,28.6,23.3,34.1,기온분석,일,기본,서울
2025-08-13,108,25.1,22.0,27.1,기온분석,일,기본,서울
2025-08-14,108,25.5,24.2,26.9,기온분석,일,기본,서울
2025-08-15,108,27.1,24.4,30.9,기온분석,일,기본,서울
2025-08-16,108,28.2,25.5,32.2,기온분석,일,기본,서울
2025-08-17,108,28.4,26.1,32.0,기온분석,일,기본,서울
2025-08-18,108,28.9,27.0,32.9,기온분석,일,기본,서울
2025-08-19,108,29.1,26.9,32.3,기온분석,일,기본,서울
2025-08-20,108,29.4,26.9,32.8,기온분석,일,기본,서울
2025-08-21,108,29.8,27.4,34.3,기온분석,일,기본,서울
2025-08-22,108,29.4,26.1,33.5,기온분석,일,기본,서울
2025-08-23,108,29.3,27.4,32.2,기온분석,일,기본,서울
2025-08-24,108,30.2,26.9,34.7,기온분석,일,기본,서울
2025-08-25,108,28.7,26.3,32.2,기온분석,일,기본,서울
2025-08-26,108,27.6,25.5,31.8,기온분석,일,기본,서울
2025-08-27,108,26.7,23.6,30.8,기온분석,일,기본,서울
2025-08-28,108,28.3,24.7,31.0,기온분석,일,기본,서울
2025-08-29,108,29.0,27.3,32.8,기온분석,일,기본,서울
2025-08-30,108,28.4,25.8,31.8,기온분석,일,기본,서울
2025-08-31,108,28.5,25.1,31.8,기온분석,일,기본,서울
2025-09-01,108,26.1,24.4,28.2,기온분석,일,기본,서울
2025-09-02,108,26.0,22.0,30.6,기온분석,일,기본,서울
2025-09-03,108,27.6,22.6,32.1,기온분석,일,기본,서울
2025-09-04,108,25.8,22.8,29.8,기온분석,일,기본,서울
2025-09-05,108,27.9,23.5,33.0,기온분석,일,기본,서울
2025-09-06,108,26.8,25.4,30.4,기온분석,일,기본,서울
2025-09-07,108,25.3,22.3,28.3,기온분석,일,기본,서울
2025-09-08,108,24.4,20.6,29.5,기온분석,일,기본,서울
2025-09-09,108,23.7,21.4,26.9,기온분석,일,기본,서울
2025-09-10,108,24.8,18.4,31.5,기온분석,일,기본,서울
2025-09-11,108,25.8,19.9,31.7,기온분석,일,기본,서울
2025-09-12,108,23.9,21.1,26.3,기온분석,일,기본,서울
2025-09-13,108,23.3,20.4,27.6,기온분석,일,기본,서울
2025-09-14,108,24.8,21.5,29.3,기온분석,일,기본,서울
2025-09-15,108,25.7,20.8,30.7,기온분석,일,기본,서울
2025-09-16,108,23.7,22.2,27.1,기온분석,일,기본,서울
2025-09-17,108,22.7,21.2,24.0,기온분석,일,기본,서울
2025-09-18,108,22.1,19.6,26.0,기온분석,일,기본,서울
2025-09-19,108,19.4,17.9,21.4,기온분석,일,기본,서울
2025-09-20,108,20.0,17.5,23.6,기온분석,일,기본,서울
2025-09-21,108,21.6,17.2,27.3,기온분석,일,기본,서울
2025-09-22,108,21.3,17.6,25.1,기온분석,일,기본,서울
2025-09-23,108,22.7,19.2,26.8,기온분석,일,기본,서울
2025-09-24,108,22.0,20.4,23.7,기온분석,일,기본,서울
2025-09-25,108,22.5,20.2,26.4,기온분석,일,기본,서울
2025-09-26,108,21.7,17.8,27.1,기온분석,일,기본,서울
2025-09-27,108,22.5,17.6,27.2,기온분석,일,기본,서울
2025-09-28,108,20.0,18.4,21.9,기온분석,일,기본,서울
2025-09-29,108,19.6,16.6,23.9,기온분석,일,기본,서울
2025-09-30,108,19.8,17.3,24.0,기온분석,일,기본,서울
2025-10-01,108,20.5,16.7,25.6,기온분석,일,기본,서울
2025-10-02,108,21.4,17.3,25.8,기온분석,일,기본,서울
2025-10-03,108,21.2,19.8,22.3,기온분석,일,기본,서울
2025-10-04,108,22.5,20.9,25.0,기온분석,일,기본,서울
2025-10-05,108,21.4,20.6,22.3,기온분석,일,기본,서울
2025-10-06,108,17.6,15.4,20.7,기온분석,일,기본,서울
2025-10-07,108,18.2,15.5,20.0,기온분석,일,기본,서울
2025-10-08,108,21.9,17.2,28.0,기온분석,일,기본,서울
2025-10-09,108,20.0,16.9,22.6,기온분석,일,기본,서울
2025-10-10,108,17.0,16.0,17.7,기온분석,일,기본,서울
2025-10-11,108,20.3,17.3,23.8,기온분석,일,기본,서울
2025-10-12,108,19.0,17.6,21.4,기온분석,일,기본,서울
2025-10-13,108,15.7,13.9,18.3,기온분석,일,기본,서울
2025-10-14,108,17.9,14.4,20.9,기온분석,일,기본,서울
2025-10-15,108,20.2,16.1,25.3,기온분석,일,기본,서울
2025-10-16,108,20.2,17.0,24.8,기온분석,일,기본,서울
2025-10-17,108,19.9,15.6,24.8,기온분석,일,기본,서울
2025-10-18,108,15.8,14.2,18.6,기온분석,일,기본,서울
2025-10-19,108,14.5,8.9,19.2,기온분석,일,기본,서울
2025-10-20,108,10.0,5.3,16.5,기온분석,일,기본,서울
2025-10-21,108,9.2,4.8,14.1,기온분석,일,기본,서울
2025-10-22,108,13.1,6.6,18.6,기온분석,일,기본,서울
2025-10-23,108,14.9,11.8,19.6,기온분석,일,기본,서울
2025-10-24,108,15.8,11.3,21.5,기온분석,일,기본,서울
2025-10-25,108,14.4,12.6,17.7,기온분석,일,기본,서울
2025-10-26,108,12.2,10.6,13.9,기온분석,일,기본,서울
2025-10-27,108,8.1,3.7,12.2,기온분석,일,기본,서울
2025-10-28,108,8.5,3.0,14.4,기온분석,일,기본,서울
2025-10-29,108,11.4,6.2,18.3,기온분석,일,기본,서울
2025-10-30,108,12.8,7.7,18.2,기온분석,일,기본,서울
2025-10-31,108,15.1,11.3,20.7,기온분석,일,기본,서울
